frame,track_id,vehicle_class,x1,y1,x2,y2,centroid_x,centroid_y
1,111,car,0,857,159,1066,79,961
1,21,truck,1315,454,1402,567,1358,510
1,696,car,1396,622,1508,740,1452,681
2,111,car,0,854,158,1062,79,958
2,21,truck,1311,453,1401,567,1356,510
2,1150,bus,653,449,850,733,751,591
2,1151,car,599,495,695,604,647,549
2,1152,car,687,353,768,430,727,391
2,1153,car,179,853,417,1079,298,966
2,1154,car,571,740,735,948,653,844
2,1155,car,289,559,437,680,363,619
2,1156,car,545,409,646,497,595,453
2,1157,car,411,858,552,1024,481,941
2,1158,car,1522,833,1638,963,1580,898
2,1159,person,1215,512,1241,562,1228,537
2,1160,person,1780,904,1814,994,1797,949
2,1163,car,614,310,692,373,653,341
2,1164,car,747,197,808,235,777,216
2,1165,car,790,265,839,311,814,288
2,696,car,1396,622,1507,741,1451,681
3,111,car,0,860,153,1060,76,960
3,1150,bus,650,450,849,741,749,595
3,1151,car,595,499,693,607,644,553
3,1152,car,685,354,767,433,726,393
3,1153,car,166,866,412,1079,289,972
3,1154,car,567,743,732,958,649,850
3,1155,car,282,562,433,685,357,623
3,1156,car,543,410,643,500,593,455
3,1157,car,400,869,547,1047,473,958
3,1158,car,1522,833,1638,964,1580,898
3,1159,person,1216,511,1241,561,1228,536
3,1160,person,1780,903,1814,993,1797,948
3,1163,car,617,311,689,374,653,342
3,1164,car,746,196,806,235,776,215
3,1165,car,790,266,839,312,814,289
3,696,car,1396,621,1507,742,1451,681
3,1169,car,589,313,690,375,639,344
4,111,car,0,870,143,1070,71,970
4,1150,bus,647,453,848,746,747,599
4,1151,car,593,503,691,611,642,557
4,1152,car,681,353,763,438,722,395
4,1153,car,159,879,406,1080,282,979
4,1154,car,562,749,728,966,645,857
4,1155,car,274,564,429,690,351,627
4,1156,car,538,415,639,503,588,459
4,1157,car,388,880,539,1058,463,969
4,1158,car,1522,835,1638,964,1580,899
4,1159,person,1217,513,1243,564,1230,538
4,1160,person,1780,902,1814,990,1797,946
4,1163,car,615,312,688,375,651,343
4,1164,car,746,197,806,235,776,216
4,1165,car,788,265,839,313,813,289
4,696,car,1398,622,1507,742,1452,682
4,1172,car,1321,603,1381,685,1351,644
4,1173,car,1309,548,1362,607,1335,577
4,21,truck,1312,451,1401,568,1356,509
5,111,car,0,878,133,1074,66,976
5,1150,bus,644,456,846,751,745,603
5,1151,car,590,506,693,615,641,560
5,1152,car,678,355,762,439,720,397
5,1153,car,152,893,394,1078,273,985
5,1154,car,558,755,725,976,641,865
5,1155,car,269,567,426,695,347,631
5,1156,car,535,418,638,505,586,461
5,1157,car,380,894,531,1072,455,983
5,1158,car,1522,834,1640,965,1581,899
5,1159,person,1218,514,1244,568,1231,541
5,1160,person,1779,903,1814,987,1796,945
5,1163,car,610,314,686,377,648,345
5,1165,car,784,265,839,315,811,290
5,696,car,1400,622,1508,742,1454,682
5,1172,car,1320,603,1381,685,1350,644
5,1173,car,1308,548,1362,606,1335,577
5,21,truck,1312,451,1401,566,1356,508
6,111,car,0,888,121,1076,60,982
6,1150,bus,642,460,846,756,744,608
6,1151,car,588,510,694,619,641,564
6,1152,car,677,356,762,442,719,399
6,1153,car,146,908,385,1079,265,993
6,1154,car,552,767,723,986,637,876
6,1155,car,264,572,422,700,343,636
6,1156,car,532,419,636,508,584,463
6,1157,car,372,909,525,1073,448,991
6,1158,car,1523,833,1640,967,1581,900
6,1159,person,1219,519,1243,572,1231,545
6,1160,person,1778,902,1814,989,1796,945
6,1163,car,608,316,686,381,647,348
6,1165,car,788,268,839,315,813,291
6,696,car,1401,621,1510,743,1455,682
6,1172,car,1318,604,1381,687,1349,645
6,1173,car,1308,549,1361,606,1334,577
6,21,truck,1315,451,1401,566,1358,508
6,1180,car,371,978,475,1078,423,1028
6,1164,car,745,201,806,236,775,218
7,111,car,0,898,113,1076,56,987
7,1150,bus,639,462,844,764,741,613
7,1151,car,582,511,690,624,636,567
7,1152,car,665,357,760,444,712,400
7,1153,car,136,922,379,1079,257,1000
7,1154,car,546,774,720,997,633,885
7,1155,car,259,575,417,703,338,639
7,1156,car,527,420,634,510,580,465
7,1157,car,362,923,520,1077,441,1000
7,1158,car,1524,833,1638,966,1581,899
7,1159,person,1219,521,1243,574,1231,547
7,1160,person,1776,898,1812,987,1794,942
7,1163,car,608,317,683,382,645,349
7,1165,car,784,268,836,316,810,292
7,696,car,1400,621,1508,740,1454,680
7,1172,car,1320,604,1380,686,1350,645
7,1173,car,1308,547,1361,605,1334,576
7,21,truck,1304,450,1402,564,1353,507
8,111,car,0,910,102,1079,51,994
8,1150,bus,634,464,842,771,738,617
8,1151,car,577,516,679,630,628,573
8,1152,car,666,353,758,445,712,399
8,1153,car,133,936,370,1080,251,1008
8,1154,car,541,783,718,1010,629,896
8,1155,car,253,580,411,711,332,645
8,1156,car,522,423,632,514,577,468
8,1157,car,353,940,513,1080,433,1010
8,1158,car,1525,834,1637,967,1581,900
8,1159,person,1219,525,1243,577,1231,551
8,1163,car,607,319,682,385,644,352
8,1165,car,782,268,836,318,809,293
8,696,car,1400,620,1507,739,1453,679
8,1172,car,1321,604,1381,686,1351,645
8,1173,car,1308,547,1361,606,1334,576
8,21,truck,1302,450,1402,563,1352,506
9,111,car,0,921,93,1078,46,999
9,1150,bus,629,466,840,777,734,621
9,1151,car,571,518,675,634,623,576
9,1152,car,664,354,757,445,710,399
9,1153,car,135,951,354,1079,244,1015
9,1154,car,535,789,715,1019,625,904
9,1155,car,249,585,406,716,327,650
9,1156,car,519,424,628,516,573,470
9,1157,car,342,954,503,1080,422,1017
9,1158,car,1525,834,1637,966,1581,900
9,1159,person,1219,524,1244,578,1231,551
9,1163,car,604,320,680,386,642,353
9,1165,car,781,270,837,318,809,294
9,696,car,1400,619,1506,738,1453,678
9,1172,car,1318,598,1384,687,1351,642
9,1173,car,1308,546,1362,606,1335,576
9,21,truck,1302,449,1402,563,1352,506
9,1183,car,953,296,989,347,971,321
9,1160,person,1773,895,1809,985,1791,940
10,111,car,0,932,81,1077,40,1004
10,1150,bus,625,469,840,783,732,626
10,1151,car,568,521,673,640,620,580
10,1152,car,667,360,754,447,710,403
10,1153,car,131,968,345,1079,238,1023
10,1154,car,531,797,713,1031,622,914
10,1155,car,242,588,402,722,322,655
10,1156,car,517,425,624,519,570,472
10,1157,car,332,970,496,1080,414,1025
10,1158,car,1524,833,1639,967,1581,900
10,1159,person,1219,524,1245,579,1232,551
10,1163,car,599,322,677,387,638,354
10,1165,car,780,272,836,319,808,295
10,696,car,1398,618,1507,737,1452,677
10,1184,car,724,282,772,337,748,309
11,111,car,0,944,68,1077,34,1010
11,1150,bus,622,473,839,790,730,631
11,1151,car,566,524,672,643,619,583
11,1152,car,668,364,753,450,710,407
11,1153,car,130,984,334,1078,232,1031
11,1154,car,526,808,710,1041,618,924
11,1155,car,235,591,399,727,317,659
11,1156,car,513,428,620,523,566,475
11,1157,car,318,987,486,1080,402,1033
11,1158,car,1524,835,1639,968,1581,901
11,1159,person,1220,526,1246,581,1233,553
11,1163,car,598,323,674,388,636,355
11,1165,car,779,273,835,321,807,297
11,696,car,1398,617,1508,738,1453,677
11,1184,car,723,283,769,337,746,310
11,50,truck,1557,382,1918,846,1737,614
11,21,truck,1316,448,1402,562,1359,505
11,1183,car,954,301,988,347,971,324
12,111,car,0,957,55,1079,27,1018
12,1150,bus,618,477,837,796,727,636
12,1151,car,564,529,668,649,616,589
12,1152,car,662,367,752,453,707,410
12,1153,car,122,1000,324,1078,223,1039
12,1154,car,520,815,705,1051,612,933
12,1155,car,227,595,392,732,309,663
12,1156,car,510,431,618,526,564,478
12,1157,car,316,1001,477,1080,396,1040
12,1158,car,1524,835,1638,968,1581,901
12,1159,person,1220,526,1247,585,1233,555
12,1163,car,596,324,670,390,633,357
12,1165,car,778,274,835,320,806,297
12,696,car,1401,617,1508,739,1454,678
12,21,truck,1317,448,1402,559,1359,503
12,1164,car,747,203,800,236,773,219
12,1173,car,1308,547,1364,598,1336,572
12,1160,person,1772,888,1807,984,1789,936
13,111,car,0,975,43,1078,21,1026
13,1150,bus,615,477,838,803,726,640
13,1151,car,560,534,670,654,615,594
13,1152,car,661,370,750,456,705,413
13,1153,car,119,1016,308,1076,213,1046
13,1154,car,514,821,702,1062,608,941
13,1155,car,221,598,388,739,304,668
13,1156,car,507,433,615,529,561,481
13,1157,car,319,1021,460,1080,389,1050
13,1158,car,1524,837,1638,969,1581,903
13,1159,person,1220,527,1247,586,1233,556
13,1163,car,595,325,669,392,632,358
13,1165,car,777,276,834,321,805,298
13,696,car,1402,616,1508,738,1455,677
13,21,truck,1316,448,1402,558,1359,503
13,1160,person,1770,885,1806,980,1788,932
13,1169,car,552,327,672,395,612,361
13,1184,car,721,289,766,341,743,315
14,1150,bus,612,478,837,809,724,643
14,1151,car,553,538,669,661,611,599
14,1152,car,657,372,751,459,704,415
14,1153,car,118,1032,292,1078,205,1055
14,1154,car,509,830,699,1073,604,951
14,1155,car,213,604,382,745,297,674
14,1156,car,501,435,610,532,555,483
14,1157,car,322,1035,455,1080,388,1057
14,1158,car,1524,837,1639,969,1581,903
14,1159,person,1220,527,1247,586,1233,556
14,1163,car,594,327,669,394,631,360
14,1165,car,777,277,831,322,804,299
14,696,car,1402,615,1508,736,1455,675
14,21,truck,1308,448,1403,559,1355,503
14,1160,person,1767,884,1804,982,1785,933
14,1191,person,938,440,969,506,953,473
14,1169,car,553,328,670,395,611,361
14,1172,car,1315,591,1380,685,1347,638
15,1150,bus,607,482,834,818,720,650
15,1151,car,544,540,663,665,603,602
15,1152,car,657,375,748,462,702,418
15,1154,car,506,838,696,1080,601,959
15,1155,car,206,608,379,752,292,680
15,1156,car,497,435,606,536,551,485
15,1158,car,1525,838,1639,969,1582,903
15,1159,person,1220,529,1248,589,1234,559
15,1163,car,590,329,667,395,628,362
15,1165,car,778,276,830,322,804,299
15,696,car,1401,614,1507,735,1454,674
15,21,truck,1305,447,1403,560,1354,503
15,1160,person,1766,884,1802,981,1784,932
15,1191,person,939,448,968,512,953,480
15,1169,car,555,330,669,397,612,363
15,1172,car,1315,591,1381,685,1348,638
15,50,truck,1555,381,1917,842,1736,611
16,1150,bus,604,484,830,826,717,655
16,1151,car,538,541,656,671,597,606
16,1152,car,655,379,746,464,700,421
16,1154,car,501,844,693,1080,597,962
16,1155,car,201,610,374,758,287,684
16,1156,car,493,439,603,538,548,488
16,1158,car,1526,838,1639,970,1582,904
16,1159,person,1220,531,1248,590,1234,560
16,1163,car,587,331,665,395,626,363
16,1165,car,777,276,828,322,802,299
16,696,car,1400,615,1507,733,1453,674
16,1191,person,939,451,967,511,953,481
16,1169,car,554,331,667,397,610,364
16,1172,car,1315,592,1381,684,1348,638
16,50,truck,1555,379,1918,842,1736,610
17,1150,bus,597,488,828,833,712,660
17,1151,car,533,544,651,678,592,611
17,1152,car,651,381,743,466,697,423
17,1154,car,497,855,689,1080,593,967
17,1155,car,192,613,368,765,280,689
17,1156,car,490,443,601,540,545,491
17,1158,car,1526,838,1640,967,1583,902
17,1159,person,1221,532,1249,592,1235,562
17,1163,car,583,331,664,401,623,366
17,1165,car,774,279,826,324,800,301
17,696,car,1397,614,1508,734,1452,674
17,1191,person,937,453,969,509,953,481
17,1169,car,552,331,666,399,609,365
17,1172,car,1316,593,1382,684,1349,638
17,1173,car,1308,545,1363,599,1335,572
17,21,truck,1311,446,1403,560,1357,503
18,1150,bus,589,491,827,843,708,667
18,1151,car,528,550,647,683,587,616
18,1152,car,652,384,741,471,696,427
18,1154,car,494,864,686,1080,590,972
18,1155,car,182,616,363,772,272,694
18,1156,car,488,445,597,545,542,495
18,1158,car,1527,837,1641,969,1584,903
18,1159,person,1222,538,1248,595,1235,566
18,1163,car,583,332,662,405,622,368
18,1165,car,769,278,827,324,798,301
18,696,car,1398,615,1508,734,1453,674
18,1191,person,937,454,969,512,953,483
18,1172,car,1320,593,1381,683,1350,638
18,1173,car,1308,544,1364,600,1336,572
19,1150,bus,586,495,825,851,705,673
19,1151,car,521,556,645,687,583,621
19,1152,car,650,384,738,474,694,429
19,1154,car,493,871,682,1080,587,975
19,1155,car,176,624,358,778,267,701
19,1156,car,484,448,593,549,538,498
19,1158,car,1529,838,1641,971,1585,904
19,1159,person,1223,541,1249,598,1236,569
19,1163,car,582,333,661,406,621,369
19,1165,car,772,279,824,324,798,301
19,696,car,1399,615,1508,734,1453,674
19,1191,person,936,458,968,525,952,491
19,1172,car,1319,588,1381,684,1350,636
19,1173,car,1308,544,1363,601,1335,572
20,1150,bus,583,498,825,859,704,678
20,1151,car,519,560,641,694,580,627
20,1152,car,649,385,736,475,692,430
20,1154,car,492,881,679,1080,585,980
20,1155,car,168,631,352,785,260,708
20,1156,car,480,450,590,552,535,501
20,1158,car,1529,838,1642,972,1585,905
20,1159,person,1224,545,1250,601,1237,573
20,1163,car,576,336,659,406,617,371
20,1165,car,769,281,823,327,796,304
20,696,car,1400,614,1508,732,1454,673
20,1191,person,935,460,967,531,951,495
20,1172,car,1318,588,1382,684,1350,636
20,1173,car,1309,544,1363,602,1336,573
21,1150,bus,580,500,823,869,701,684
21,1151,car,515,561,639,703,577,632
21,1152,car,645,385,735,477,690,431
21,1154,car,489,889,676,1080,582,984
21,1155,car,161,636,346,792,253,714
21,1156,car,475,452,590,556,532,504
21,1158,car,1530,839,1643,974,1586,906
21,1159,person,1224,545,1252,603,1238,574
21,1163,car,570,337,658,408,614,372
21,1165,car,768,283,822,327,795,305
21,696,car,1399,614,1508,732,1453,673
21,1191,person,935,464,966,538,950,501
21,1172,car,1318,587,1382,684,1350,635
21,1173,car,1309,543,1363,601,1336,572
21,50,truck,1554,377,1918,845,1736,611
22,1150,bus,575,503,822,875,698,689
22,1151,car,511,566,634,708,572,637
22,1152,car,640,386,734,480,687,433
22,1154,car,478,900,673,1080,575,990
22,1155,car,155,640,342,798,248,719
22,1156,car,470,454,587,561,528,507
22,1158,car,1531,839,1644,974,1587,906
22,1159,person,1225,546,1253,602,1239,574
22,1163,car,562,339,654,410,608,374
22,1165,car,766,283,823,330,794,306
22,696,car,1399,614,1508,732,1453,673
22,1191,person,936,470,965,539,950,504
22,1172,car,1317,588,1382,683,1349,635
22,1173,car,1309,544,1364,600,1336,572
22,50,truck,1555,374,1918,851,1736,612
22,1184,car,706,300,755,353,730,326
22,1160,person,1761,874,1797,962,1779,918
23,1150,bus,572,505,821,880,696,692
23,1151,car,507,573,628,714,567,643
23,1152,car,637,385,733,483,685,434
23,1154,truck,479,910,670,1080,574,995
23,1155,car,145,645,335,805,240,725
23,1156,car,466,457,583,564,524,510
23,1158,car,1531,840,1645,974,1588,907
23,1159,person,1225,547,1254,605,1239,576
23,1163,car,564,340,651,412,607,376
23,1165,car,766,283,822,331,794,307
23,696,car,1399,614,1508,731,1453,672
23,1191,person,936,473,966,538,951,505
23,1173,car,1309,546,1364,598,1336,572
23,1184,car,705,304,753,356,729,330
23,1183,car,946,316,985,367,965,341
23,1169,car,535,342,649,414,592,378
23,21,truck,1315,443,1403,558,1359,500
24,1150,bus,569,511,819,888,694,699
24,1151,car,502,574,626,724,564,649
24,1152,car,633,385,733,487,683,436
24,1154,car,477,920,667,1080,572,1000
24,1155,car,136,651,331,813,233,732
24,1156,car,462,460,581,568,521,514
24,1158,car,1532,839,1646,973,1589,906
24,1159,person,1226,549,1254,606,1240,577
24,1163,car,563,343,647,415,605,379
24,1165,car,764,284,820,334,792,309
24,696,car,1398,613,1508,731,1453,672
24,1191,person,934,474,966,548,950,511
24,1173,car,1309,546,1364,598,1336,572
24,1211,person,1074,519,1098,573,1086,546
24,21,truck,1313,442,1403,557,1358,499
24,50,truck,1554,376,1918,853,1736,614
25,1150,bus,566,517,817,895,691,706
25,1151,car,497,582,625,730,561,656
25,1152,car,632,388,732,492,682,440
25,1154,car,468,930,664,1080,566,1005
25,1155,car,130,658,325,819,227,738
25,1156,car,457,463,576,572,516,517
25,1158,car,1532,839,1646,974,1589,906
25,1159,person,1227,550,1254,608,1240,579
25,1163,car,562,346,644,418,603,382
25,1165,car,758,285,820,337,789,311
25,696,car,1399,612,1508,730,1453,671
25,1191,person,934,478,965,551,949,514
25,1173,car,1309,545,1365,598,1337,571
25,1211,person,1075,520,1098,572,1086,546
25,21,truck,1311,441,1403,556,1357,498
25,1213,car,646,520,698,582,672,551
25,1214,car,726,212,787,246,756,229
25,1215,car,678,249,735,295,706,272
25,50,truck,1553,377,1918,852,1735,614
25,1184,car,702,307,751,361,726,334
26,1150,bus,564,522,814,903,689,712
26,1151,car,490,591,620,737,555,664
26,1152,car,630,393,729,495,679,444
26,1154,car,466,940,660,1080,563,1010
26,1155,car,122,663,318,827,220,745
26,1156,car,454,467,574,576,514,521
26,1158,car,1533,839,1646,972,1589,905
26,1159,person,1227,552,1257,609,1242,580
26,1163,car,562,347,643,420,602,383
26,1165,car,761,285,819,339,790,312
26,696,car,1398,612,1507,729,1452,670
26,1191,person,933,481,966,555,949,518
26,1173,car,1310,545,1365,597,1337,571
26,1211,person,1075,520,1098,571,1086,545
26,21,truck,1310,441,1403,556,1356,498
26,1213,car,643,521,697,586,670,553
26,1214,car,725,213,786,248,755,230
26,1215,car,678,250,733,295,705,272
26,50,truck,1554,381,1919,854,1736,617
26,1183,car,947,321,987,371,967,346
27,1150,bus,558,524,814,913,686,718
27,1151,car,484,598,616,745,550,671
27,1152,car,625,395,727,499,676,447
27,1154,truck,463,952,655,1080,559,1016
27,1155,car,113,667,313,837,213,752
27,1156,car,451,470,573,579,512,524
27,1158,car,1532,840,1648,975,1590,907
27,1159,person,1227,555,1257,613,1242,584
27,1163,car,560,349,641,422,600,385
27,1165,car,755,285,817,340,786,312
27,696,car,1397,611,1509,729,1453,670
27,1191,person,932,484,964,559,948,521
27,1173,car,1310,545,1366,597,1338,571
27,1211,person,1075,519,1098,571,1086,545
27,21,truck,1310,440,1403,556,1356,498
27,1213,car,638,526,691,592,664,559
27,1214,car,724,213,786,249,755,231
27,1215,car,673,252,735,297,704,274
27,50,truck,1556,381,1919,851,1737,616
27,1184,car,699,309,749,365,724,337
28,1150,bus,552,527,814,923,683,725
28,1151,car,478,602,612,754,545,678
28,1152,car,619,396,725,502,672,449
28,1154,truck,455,963,651,1080,553,1021
28,1155,car,105,672,308,846,206,759
28,1156,car,445,473,571,583,508,528
28,1158,car,1533,841,1647,976,1590,908
28,1159,person,1229,557,1259,616,1244,586
28,1163,car,557,351,640,425,598,388
28,1165,car,754,286,816,342,785,314
28,696,car,1397,610,1508,729,1452,669
28,1191,person,929,491,964,570,946,530
28,1173,car,1310,545,1367,597,1338,571
28,1211,person,1074,518,1098,569,1086,543
28,21,truck,1313,440,1403,556,1358,498
28,1214,car,724,213,786,249,755,231
28,50,truck,1558,378,1919,853,1738,615
28,1183,car,947,325,984,376,965,350
29,1150,bus,548,530,812,931,680,730
29,1151,car,471,607,604,759,537,683
29,1152,car,618,402,723,504,670,453
29,1154,car,449,976,648,1080,548,1028
29,1155,car,95,679,302,855,198,767
29,1156,car,441,476,566,588,503,532
29,1158,car,1535,841,1646,973,1590,907
29,1159,person,1231,559,1260,620,1245,589
29,1163,car,555,353,640,427,597,390
29,1165,car,753,287,817,343,785,315
29,696,car,1397,610,1507,729,1452,669
29,1191,person,928,496,964,576,946,536
29,1173,car,1311,545,1367,597,1339,571
29,1211,person,1073,518,1098,568,1085,543
29,21,truck,1318,439,1403,558,1360,498
29,1214,car,723,214,786,251,754,232
29,1183,car,948,326,985,378,966,352
29,1213,car,631,534,692,601,661,567
29,1215,car,671,256,731,298,701,277
30,1150,bus,542,534,810,942,676,738
30,1151,car,466,616,601,770,533,693
30,1152,car,615,407,720,508,667,457
30,1154,car,447,987,643,1080,545,1033
30,1155,car,84,686,294,866,189,776
30,1156,car,436,479,562,595,499,537
30,1158,car,1535,842,1647,977,1591,909
30,1159,person,1234,561,1262,624,1248,592
30,1163,car,549,354,638,429,593,391
30,1165,car,753,289,816,344,784,316
30,696,car,1395,610,1508,730,1451,670
30,1191,person,927,499,963,581,945,540
30,1173,car,1312,546,1368,597,1340,571
30,1211,person,1073,518,1098,569,1085,543
30,21,truck,1323,439,1404,560,1363,499
30,1214,car,723,215,784,252,753,233
30,1213,car,626,538,689,605,657,571
30,1215,car,653,260,730,300,691,280
30,1184,car,697,311,747,371,722,341
31,1150,bus,539,538,808,950,673,744
31,1151,car,459,622,598,779,528,700
31,1152,car,614,410,718,512,666,461
31,1154,car,445,998,639,1079,542,1038
31,1155,car,78,692,288,873,183,782
31,1156,car,433,482,560,599,496,540
31,1158,car,1535,843,1648,978,1591,910
31,1159,person,1236,565,1263,627,1249,596
31,1163,car,540,355,637,431,588,393
31,1165,car,758,290,816,345,787,317
31,696,car,1395,609,1508,729,1451,669
31,1191,person,926,503,963,586,944,544
31,1173,car,1312,545,1368,598,1340,571
31,1211,person,1073,517,1098,569,1085,543
31,21,truck,1325,439,1404,560,1364,499
31,1214,car,725,215,783,251,754,233
31,1213,car,622,543,683,611,652,577
32,1150,bus,532,542,807,962,669,752
32,1151,car,453,628,596,786,524,707
32,1152,car,612,413,717,515,664,464
32,1154,car,446,1012,633,1079,539,1045
32,1155,car,67,698,283,881,175,789
32,1156,car,428,485,557,602,492,543
32,1158,car,1535,843,1649,978,1592,910
32,1159,person,1236,566,1264,629,1250,597
32,1163,car,541,358,634,434,587,396
32,1165,car,755,291,815,347,785,319
32,696,car,1393,609,1508,729,1450,669
32,1191,person,928,506,962,586,945,546
32,1173,car,1313,545,1368,599,1340,572
32,1211,person,1073,516,1098,569,1085,542
32,21,truck,1326,439,1404,560,1365,499
32,1214,car,721,215,781,253,751,234
32,1213,car,620,547,678,612,649,579
33,1150,bus,526,547,806,972,666,759
33,1151,car,448,635,591,797,519,716
33,1152,car,610,416,716,520,663,468
33,1155,car,59,704,276,891,167,797
33,1156,car,422,491,554,609,488,550
33,1158,car,1536,844,1650,978,1593,911
33,1159,person,1236,569,1265,633,1250,601
33,1163,car,539,362,630,437,584,399
33,1165,car,752,293,813,349,782,321
33,696,car,1394,609,1508,729,1451,669
33,1191,person,925,513,963,599,944,556
33,1173,car,1312,545,1368,601,1340,573
33,1211,person,1074,515,1098,570,1086,542
33,21,truck,1325,439,1404,558,1364,498
33,1214,car,720,217,781,255,750,236
33,1213,car,616,551,675,624,645,587
33,1237,person,890,357,915,412,902,384
33,1215,car,661,259,725,307,693,283
34,1150,bus,522,551,804,981,663,766
34,1151,car,441,640,586,806,513,723
34,1152,car,608,419,713,523,660,471
34,1155,car,49,712,269,901,159,806
34,1156,car,417,495,552,613,484,554
34,1158,car,1535,844,1650,978,1592,911
34,1159,person,1238,572,1266,636,1252,604
34,1163,car,536,365,627,440,581,402
34,696,car,1396,610,1509,729,1452,669
34,1173,car,1311,545,1367,604,1339,574
34,1211,person,1075,511,1098,567,1086,539
34,21,truck,1322,439,1404,558,1363,498
34,1214,car,723,218,780,255,751,236
34,1213,car,611,554,671,632,641,593
34,1237,person,890,360,915,416,902,388
34,1240,person,1677,797,1709,861,1693,829
34,1241,car,1327,566,1435,685,1381,625
34,1215,car,664,259,725,307,694,283
34,1183,car,945,337,985,391,965,364
34,1184,car,689,323,743,382,716,352
35,1150,bus,519,554,803,991,661,772
35,1151,car,437,647,580,816,508,731
35,1152,car,606,421,713,527,659,474
35,1155,car,38,718,263,911,150,814
35,1156,car,414,496,548,617,481,556
35,1158,car,1536,843,1650,978,1593,910
35,1159,person,1239,573,1269,639,1254,606
35,1163,car,535,367,625,442,580,404
35,696,car,1398,611,1509,729,1453,670
35,1173,car,1311,546,1366,603,1338,574
35,21,truck,1320,439,1404,556,1362,497
35,1214,car,722,218,778,257,750,237
35,1237,person,890,362,916,420,903,391
35,1240,person,1677,795,1708,867,1692,831
35,1241,car,1328,570,1427,686,1377,628
35,1215,car,667,260,722,308,694,284
35,1183,car,944,337,985,393,964,365
36,1150,bus,515,557,800,1003,657,780
36,1151,car,429,653,577,824,503,738
36,1152,car,603,424,710,530,656,477
36,1155,car,28,724,257,920,142,822
36,1156,car,408,501,542,622,475,561
36,1158,car,1539,845,1648,978,1593,911
36,1159,person,1239,575,1270,642,1254,608
36,1163,car,534,368,623,444,578,406
36,696,car,1397,611,1509,729,1453,670
36,1173,car,1311,546,1366,605,1338,575
36,21,truck,1317,439,1404,555,1360,497
36,1214,car,718,218,778,258,748,238
36,1237,person,890,364,915,422,902,393
36,1240,person,1676,794,1707,868,1691,831
36,1241,car,1327,570,1431,686,1379,628
36,1183,car,944,339,986,395,965,367
36,1172,car,1329,588,1388,685,1358,636
36,1213,car,604,563,668,638,636,600
36,1184,car,685,328,741,387,713,357
37,1150,bus,511,563,799,1016,655,789
37,1151,car,420,662,573,834,496,748
37,1152,car,600,428,710,532,655,480
37,1155,car,17,732,249,932,133,832
37,1156,car,404,505,537,627,470,566
37,1158,car,1541,845,1653,978,1597,911
37,1159,person,1240,576,1271,644,1255,610
37,1163,car,529,371,621,447,575,409
37,696,car,1398,611,1509,729,1453,670
37,21,truck,1316,439,1404,555,1360,497
37,1214,car,720,219,776,260,748,239
37,1237,person,890,367,915,423,902,395
37,1240,person,1677,792,1706,866,1691,829
37,1241,car,1328,585,1418,687,1373,636
37,1183,car,942,341,986,398,964,369
37,1172,car,1331,593,1388,685,1359,639
37,1213,car,601,568,668,646,634,607
37,1184,car,684,330,740,389,712,359
37,50,truck,1561,381,1918,856,1739,618
37,1165,car,746,297,810,357,778,327
37,1215,car,661,265,718,312,689,288
38,1150,bus,503,568,797,1028,650,798
38,1151,car,410,671,569,845,489,758
38,1152,car,596,431,706,536,651,483
38,1155,car,6,739,241,942,123,840
38,1156,car,397,509,532,633,464,571
38,1158,car,1540,844,1655,981,1597,912
38,1159,person,1241,578,1272,648,1256,613
38,1163,car,526,373,619,450,572,411
38,696,car,1399,611,1509,729,1454,670
38,21,truck,1314,439,1405,555,1359,497
38,1214,car,717,219,776,261,746,240
38,1237,person,889,369,913,425,901,397
38,1240,person,1676,790,1706,863,1691,826
38,1241,car,1328,586,1412,686,1370,636
38,1183,car,943,343,986,399,964,371
38,1172,car,1331,594,1387,685,1359,639
38,1213,car,596,572,668,655,632,613
38,1184,car,684,330,740,391,712,360
38,1253,car,777,450,832,535,804,492
38,1254,car,826,185,877,222,851,203
38,50,truck,1561,379,1918,862,1739,620
38,1165,car,745,299,810,360,777,329
38,1191,person,922,541,960,636,941,588
39,1150,bus,493,576,795,1039,644,807
39,1151,car,402,677,559,857,480,767
39,1152,car,593,433,704,541,648,487
39,1155,car,0,747,235,956,117,851
39,1156,car,393,513,530,639,461,576
39,1158,car,1541,845,1654,982,1597,913
39,1159,person,1241,579,1273,651,1257,615
39,1163,car,524,375,618,452,571,413
39,696,car,1400,611,1509,729,1454,670
39,21,truck,1318,440,1402,556,1360,498
39,1214,car,716,220,776,262,746,241
39,1237,person,888,373,912,432,900,402
39,1240,person,1676,789,1705,854,1690,821
39,1172,car,1331,595,1386,685,1358,640
39,1213,car,591,577,664,661,627,619
39,1184,car,681,334,739,395,710,364
39,1253,car,777,454,831,536,804,495
39,1254,car,826,186,876,222,851,204
39,50,truck,1561,378,1917,857,1739,617
39,1165,car,746,301,810,361,778,331
39,1191,person,924,546,960,638,942,592
39,1173,car,1313,546,1367,603,1340,574
39,1215,car,657,267,716,317,686,292
40,1150,bus,490,581,794,1052,642,816
40,1151,car,391,686,554,870,472,778
40,1152,car,590,436,702,545,646,490
40,1155,car,0,757,228,968,114,862
40,1156,car,388,517,527,643,457,580
40,1158,car,1542,846,1653,984,1597,915
40,1159,person,1241,582,1274,654,1257,618
40,1163,car,519,376,616,456,567,416
40,696,car,1400,610,1509,728,1454,669
40,21,truck,1319,440,1402,557,1360,498
40,1214,car,716,219,774,262,745,240
40,1237,person,887,378,911,435,899,406
40,1240,person,1675,789,1704,851,1689,820
40,1172,car,1331,598,1386,685,1358,641
40,1213,car,588,583,657,665,622,624
40,1184,car,679,333,738,398,708,365
40,1253,car,771,457,831,542,801,499
40,50,truck,1561,377,1917,855,1739,616
40,1165,car,743,304,808,364,775,334
40,1173,car,1313,547,1367,605,1340,576
40,1215,car,657,269,714,319,685,294
41,1150,bus,483,584,791,1065,637,824
41,1151,car,382,693,548,882,465,787
41,1152,car,588,442,700,549,644,495
41,1155,car,0,764,220,979,110,871
41,1156,car,384,521,525,650,454,585
41,1158,car,1543,848,1658,985,1600,916
41,1159,person,1241,588,1273,657,1257,622
41,1163,car,515,380,613,459,564,419
41,696,car,1398,610,1509,729,1453,669
41,21,truck,1321,441,1401,557,1361,499
41,1214,car,716,222,773,263,744,242
41,1237,person,885,381,910,439,897,410
41,1240,person,1674,788,1704,848,1689,818
41,1172,car,1330,601,1387,686,1358,643
41,1213,car,583,587,654,669,618,628
41,1253,car,769,460,831,545,800,502
41,50,truck,1561,376,1918,845,1739,610
41,1165,car,741,306,806,365,773,335
41,1173,car,1314,547,1366,603,1340,575
41,1215,car,656,270,714,320,685,295
41,1183,car,941,349,986,408,963,378
42,1150,bus,477,588,791,1073,634,830
42,1151,car,374,703,543,895,458,799
42,1152,car,586,445,697,554,641,499
42,1155,car,0,776,211,993,105,884
42,1156,car,377,524,522,656,449,590
42,1158,car,1544,850,1660,986,1602,918
42,1159,person,1243,592,1275,661,1259,626
42,1163,car,514,385,609,463,561,424
42,696,car,1397,611,1509,729,1453,670
42,21,truck,1323,441,1401,557,1362,499
42,1214,car,715,223,771,264,743,243
42,1237,person,883,384,909,443,896,413
42,1172,car,1330,602,1388,687,1359,644
42,1213,car,577,593,650,683,613,638
42,1253,car,767,463,829,551,798,507
42,50,truck,1562,376,1918,845,1740,610
42,1165,car,737,309,805,367,771,338
42,1173,car,1313,548,1366,603,1339,575
42,1215,car,652,272,712,321,682,296
42,1263,car,786,176,822,205,804,190
42,1183,car,940,351,985,412,962,381
42,1254,car,826,188,874,225,850,206
42,1191,person,920,564,960,652,940,608
43,1150,bus,469,593,787,1077,628,835
43,1151,car,368,712,537,906,452,809
43,1152,car,582,447,695,559,638,503
43,1155,car,0,783,202,1006,101,894
43,1156,car,370,528,516,662,443,595
43,1158,car,1545,851,1659,986,1602,918
43,1159,person,1244,594,1275,664,1259,629
43,1163,car,513,388,605,466,559,427
43,696,car,1394,609,1508,730,1451,669
43,21,truck,1322,441,1401,556,1361,498
43,1214,car,715,225,770,268,742,246
43,1172,car,1330,602,1388,688,1359,645
43,1213,car,573,598,646,690,609,644
43,50,truck,1561,375,1918,846,1739,610
43,1165,car,741,311,804,368,772,339
43,1173,car,1313,547,1365,604,1339,575
43,1215,car,649,275,710,323,679,299
43,1263,car,786,175,821,206,803,190
43,1254,car,826,187,875,227,850,207
44,1150,bus,463,598,783,1080,623,839
44,1151,car,361,722,531,918,446,820
44,1152,car,577,450,693,565,635,507
44,1155,car,0,789,193,1019,96,904
44,1156,car,366,536,510,668,438,602
44,1158,car,1547,854,1659,987,1603,920
44,1159,person,1244,597,1277,668,1260,632
44,1163,car,510,390,601,469,555,429
44,696,car,1396,611,1509,730,1452,670
44,21,truck,1321,441,1401,555,1361,498
44,1214,car,712,226,770,269,741,247
44,1172,car,1330,602,1390,688,1360,645
44,50,truck,1562,373,1918,842,1740,607
44,1165,car,742,313,803,371,772,342
44,1173,car,1314,546,1365,603,1339,574
44,1215,car,648,277,710,326,679,301
44,1254,car,827,189,875,228,851,208
44,1184,car,667,343,728,411,697,377
44,1253,car,765,472,826,559,795,515
44,1183,car,938,359,983,419,960,389
45,1150,bus,456,602,782,1080,619,841
45,1151,car,354,730,527,932,440,831
45,1152,car,575,454,691,571,633,512
45,1155,car,0,800,186,1032,93,916
45,1156,car,361,540,506,675,433,607
45,1158,car,1547,855,1661,987,1604,921
45,1159,person,1246,600,1279,670,1262,635
45,1163,car,506,391,599,472,552,431
45,696,car,1399,612,1509,730,1454,671
45,21,truck,1320,441,1401,555,1360,498
45,1214,car,707,228,769,273,738,250
45,1172,car,1330,603,1390,689,1360,646
45,50,truck,1564,373,1918,843,1741,608
45,1165,car,740,315,803,373,771,344
45,1215,car,648,283,708,330,678,306
45,1254,car,826,188,874,228,850,208
45,1266,person,1583,664,1605,730,1594,697
45,1184,car,667,347,726,415,696,381
45,1183,car,937,362,982,422,959,392
45,1213,car,564,610,641,708,602,659
45,1263,car,785,177,822,208,803,192
46,1150,bus,449,610,779,1078,614,844
46,1151,car,345,740,522,946,433,843
46,1152,car,573,457,689,576,631,516
46,1155,car,0,808,178,1040,89,924
46,1156,car,355,547,503,682,429,614
46,1158,car,1547,854,1662,988,1604,921
46,1159,person,1248,603,1281,675,1264,639
46,1163,car,502,395,598,475,550,435
46,696,car,1398,610,1510,730,1454,670
46,21,truck,1318,441,1402,557,1360,499
46,1214,car,710,231,767,273,738,252
46,1172,car,1332,604,1391,689,1361,646
46,50,truck,1567,374,1918,846,1742,610
46,1165,car,741,318,801,375,771,346
46,1215,car,644,285,705,332,674,308
46,1266,person,1583,665,1605,730,1594,697
46,1184,car,665,351,725,418,695,384
46,1183,car,937,366,983,425,960,395
46,1213,car,558,617,632,712,595,664
46,1263,car,783,174,824,210,803,192
46,1191,person,917,590,959,679,938,634
47,1150,bus,442,617,780,1078,611,847
47,1151,car,336,750,514,960,425,855
47,1152,car,569,461,686,581,627,521
47,1155,car,0,816,168,1052,84,934
47,1156,car,350,549,499,688,424,618
47,1158,car,1547,855,1662,989,1604,922
47,1159,person,1249,606,1282,677,1265,641
47,1163,car,497,398,596,478,546,438
47,696,car,1398,612,1510,730,1454,671
47,21,truck,1316,441,1403,558,1359,499
47,1214,car,708,233,767,276,737,254
47,1172,car,1331,606,1392,690,1361,648
47,50,truck,1568,375,1918,848,1743,611
47,1165,car,738,321,801,377,769,349
47,1215,car,646,287,704,333,675,310
47,1184,car,664,352,725,420,694,386
47,1183,car,938,369,982,428,960,398
47,1213,car,553,622,629,716,591,669
47,1263,car,783,175,823,209,803,192
47,1191,person,918,598,958,676,938,637
47,1253,car,760,485,825,578,792,531
48,1150,bus,442,623,779,1077,610,850
48,1151,car,325,760,507,972,416,866
48,1152,car,566,463,684,585,625,524
48,1155,car,0,827,159,1062,79,944
48,1156,car,345,551,497,694,421,622
48,1158,car,1549,856,1662,987,1605,921
48,1159,person,1250,610,1284,677,1267,643
48,1163,car,494,399,594,483,544,441
48,696,car,1399,613,1510,730,1454,671
48,1214,car,705,233,766,276,735,254
48,1172,car,1331,607,1391,691,1361,649
48,50,truck,1568,376,1918,842,1743,609
48,1165,car,732,323,799,380,765,351
48,1215,car,644,287,703,335,673,311
48,1184,car,662,356,724,423,693,389
48,1183,car,938,372,982,431,960,401
48,1213,car,550,629,627,724,588,676
48,1263,car,782,176,823,210,802,193
48,1253,car,758,489,825,580,791,534
48,1254,car,825,195,873,233,849,214
48,1266,person,1583,662,1604,729,1593,695
49,1150,bus,435,629,776,1079,605,854
49,1151,car,316,772,499,987,407,879
49,1152,car,562,466,683,590,622,528
49,1155,car,0,836,150,1071,75,953
49,1156,car,339,557,493,700,416,628
49,1158,car,1549,858,1663,988,1606,923
49,1159,person,1251,614,1286,677,1268,645
49,1163,car,492,403,593,488,542,445
49,696,car,1401,613,1510,730,1455,671
49,1214,car,704,234,764,279,734,256
49,1172,car,1330,608,1391,692,1360,650
49,1165,car,729,327,797,382,763,354
49,1215,car,639,289,699,338,669,313
49,1184,car,660,357,723,426,691,391
49,1183,car,937,375,982,436,959,405
49,1213,car,543,635,625,731,584,683
49,1253,truck,757,493,823,585,790,539
49,1254,car,821,197,872,233,846,215
49,1266,person,1583,661,1604,729,1593,695
49,1237,person,879,406,907,469,893,437
50,1150,bus,427,634,775,1079,601,856
50,1151,car,307,782,495,1003,401,892
50,1152,car,557,468,680,594,618,531
50,1155,car,0,848,142,1076,71,962
50,1156,car,335,562,488,705,411,633
50,1158,car,1550,859,1664,990,1607,924
50,1159,person,1253,618,1289,682,1271,650
50,1163,car,489,405,592,492,540,448
50,696,car,1403,613,1510,730,1456,671
50,1214,car,701,236,764,279,732,257
50,1172,car,1331,605,1392,691,1361,648
50,1165,car,732,326,797,385,764,355
50,1215,car,640,290,699,339,669,314
50,1184,car,658,360,723,428,690,394
50,1183,car,937,376,982,440,959,408
50,1213,car,538,640,624,739,581,689
50,1253,car,757,499,822,590,789,544
50,1254,car,819,196,873,236,846,216
50,1266,person,1583,660,1604,729,1593,694
50,1237,person,880,410,906,470,893,440
50,50,truck,1566,378,1918,840,1742,609
50,1263,car,777,178,820,214,798,196
51,1150,bus,422,638,773,1079,597,858
51,1151,car,297,793,488,1016,392,904
51,1152,car,552,472,678,598,615,535
51,1155,car,0,856,132,1075,66,965
51,1156,car,326,568,484,713,405,640
51,1158,car,1551,860,1664,991,1607,925
51,1159,person,1254,620,1292,689,1273,654
51,1163,car,484,407,588,494,536,450
51,696,car,1403,612,1511,730,1457,671
51,1214,car,703,236,763,282,733,259
51,1172,car,1331,606,1391,691,1361,648
51,1165,car,728,326,796,390,762,358
51,1215,car,637,292,696,340,666,316
51,1184,car,655,361,721,433,688,397
51,1183,car,937,379,982,442,959,410
51,1213,car,533,646,620,745,576,695
51,1254,car,818,196,871,236,844,216
51,1266,person,1582,659,1603,727,1592,693
51,1283,motorcycle,1252,623,1289,694,1270,658
51,50,truck,1565,380,1918,841,1741,610
51,1211,person,1077,508,1100,561,1088,534
51,1240,person,1668,779,1696,837,1682,808
52,1150,bus,415,643,770,1078,592,860
52,1151,car,285,806,481,1035,383,920
52,1152,car,548,474,675,604,611,539
52,1155,car,0,867,122,1075,61,971
52,1156,car,321,573,479,721,400,647
52,1158,car,1553,861,1665,989,1609,925
52,1159,person,1256,625,1294,695,1275,660
52,1163,car,478,410,582,498,530,454
52,696,car,1402,612,1511,730,1456,671
52,1214,car,699,238,762,284,730,261
52,1172,car,1331,607,1391,693,1361,650
52,1165,car,723,327,795,390,759,358
52,1215,car,634,292,696,343,665,317
52,1184,car,652,363,719,437,685,400
52,1183,car,937,385,982,445,959,415
52,1213,car,528,653,615,755,571,704
52,1254,car,818,201,871,237,844,219
52,1266,person,1582,660,1604,727,1593,693
52,50,truck,1564,380,1918,846,1741,613
52,1286,truck,549,475,675,605,612,540
52,1211,person,1077,508,1099,560,1088,534
52,1240,person,1668,779,1695,835,1681,807
52,1173,car,1317,549,1366,616,1341,582
52,1253,car,753,506,818,595,785,550
53,1150,bus,407,651,766,1077,586,864
53,1151,car,274,817,475,1051,374,934
53,1152,car,544,479,673,608,608,543
53,1155,car,0,876,112,1077,56,976
53,1156,car,316,577,475,727,395,652
53,1158,car,1554,861,1664,997,1609,929
53,1159,person,1258,627,1296,699,1277,663
53,1163,car,474,413,581,501,527,457
53,696,car,1402,612,1512,730,1457,671
53,1214,car,695,238,763,285,729,261
53,1172,car,1330,606,1391,693,1360,649
53,1215,car,633,295,695,346,664,320
53,1184,car,650,365,717,440,683,402
53,1183,car,936,386,982,448,959,417
53,1213,car,522,662,608,768,565,715
53,1254,car,818,203,871,239,844,221
53,1266,person,1581,659,1603,727,1592,693
53,50,truck,1563,381,1918,846,1740,613
53,1286,truck,545,481,674,609,609,545
53,1211,person,1076,508,1100,561,1088,534
53,1240,person,1667,779,1695,838,1681,808
53,1173,car,1317,550,1367,617,1342,583
53,21,truck,1320,441,1406,560,1363,500
54,1150,bus,402,656,763,1075,582,865
54,1151,car,262,828,466,1069,364,948
54,1152,car,539,487,670,616,604,551
54,1155,car,0,885,101,1078,50,981
54,1156,car,309,584,472,733,390,658
54,1158,car,1554,863,1666,1002,1610,932
54,1159,person,1261,631,1296,705,1278,668
54,1163,car,469,415,578,504,523,459
54,696,car,1402,612,1512,730,1457,671
54,1214,car,688,241,762,286,725,263
54,1172,car,1329,607,1391,692,1360,649
54,1215,car,630,297,694,348,662,322
54,1184,car,649,369,716,444,682,406
54,1183,car,936,388,981,451,958,419
54,1213,car,516,667,605,773,560,720
54,1266,person,1581,659,1603,726,1592,692
54,50,truck,1563,381,1918,850,1740,615
54,1286,truck,540,487,670,617,605,552
54,1211,person,1077,509,1100,560,1088,534
54,1240,person,1667,779,1695,842,1681,810
54,1289,truck,1423,340,1589,526,1506,433
54,21,truck,1320,441,1406,558,1363,499
54,1263,car,775,183,818,221,796,202
54,1253,car,747,515,812,604,779,559
55,1150,bus,393,665,759,1076,576,870
55,1151,car,252,840,457,1079,354,959
55,1155,car,0,897,93,1079,46,988
55,1156,car,303,590,466,741,384,665
55,1158,car,1555,862,1668,1002,1611,932
55,1159,car,1261,637,1296,705,1278,671
55,1163,car,467,419,575,509,521,464
55,696,car,1402,612,1513,730,1457,671
55,1214,car,689,242,760,288,724,265
55,1172,car,1329,608,1392,692,1360,650
55,1215,car,626,299,693,350,659,324
55,1184,car,648,372,716,448,682,410
55,1183,car,935,390,981,455,958,422
55,1213,car,511,673,603,780,557,726
55,50,truck,1563,382,1918,850,1740,616
55,1211,person,1077,509,1100,560,1088,534
55,1240,person,1666,779,1695,841,1680,810
55,1289,truck,1422,340,1589,525,1505,432
55,1293,car,871,229,914,262,892,245
55,1263,car,776,186,817,222,796,204
55,1253,truck,745,520,811,610,778,565
55,1165,car,731,333,794,397,762,365
55,1173,car,1318,550,1367,615,1342,582
56,1150,bus,385,674,756,1077,570,875
56,1151,car,240,853,450,1080,345,966
56,1155,car,0,909,82,1079,41,994
56,1156,car,295,595,461,750,378,672
56,1158,car,1557,862,1670,1001,1613,931
56,1159,person,1263,638,1298,711,1280,674
56,1163,car,465,420,573,514,519,467
56,696,car,1403,612,1513,731,1458,671
56,1214,car,695,244,759,289,727,266
56,1172,car,1332,609,1393,694,1362,651
56,1215,car,622,301,690,353,656,327
56,1184,car,643,374,713,451,678,412
56,1183,car,933,392,980,459,956,425
56,1213,car,505,682,601,792,553,737
56,50,truck,1563,382,1918,852,1740,617
56,1211,person,1077,508,1100,559,1088,533
56,1240,person,1666,779,1695,839,1680,809
56,1293,car,869,228,914,264,891,246
56,1263,car,774,187,817,223,795,205
56,1165,car,718,331,794,401,756,366
56,1173,car,1317,550,1367,615,1342,582
56,1283,car,1260,638,1297,707,1278,672
56,1254,car,814,203,870,243,842,223
56,1152,car,533,496,667,628,600,562
57,1150,bus,376,678,754,1076,565,877
57,1151,car,230,866,442,1080,336,973
57,1155,car,0,922,71,1079,35,1000
57,1156,car,290,600,457,758,373,679
57,1158,car,1556,862,1669,1007,1612,934
57,1159,person,1264,640,1300,715,1282,677
57,1163,car,461,424,571,517,516,470
57,696,car,1402,612,1514,731,1458,671
57,1214,car,695,245,757,291,726,268
57,1172,car,1332,610,1393,695,1362,652
57,1215,car,619,303,689,356,654,329
57,1184,car,640,377,712,455,676,416
57,1183,car,932,394,980,462,956,428
57,1213,car,498,688,598,801,548,744
57,50,truck,1565,381,1919,853,1742,617
57,1211,person,1077,507,1100,559,1088,533
57,1240,person,1665,778,1695,837,1680,807
57,1293,car,870,224,914,265,892,244
57,1263,car,774,187,818,224,796,205
57,1165,car,701,327,795,403,748,365
57,1283,car,1262,641,1300,711,1281,676
57,1254,car,813,206,868,245,840,225
57,1152,car,529,500,665,633,597,566
57,1266,person,1579,659,1603,724,1591,691
57,1289,truck,1424,340,1589,525,1506,432
57,1253,truck,741,529,808,629,774,579
58,1150,bus,369,682,751,1078,560,880
58,1151,car,222,880,432,1080,327,980
58,1155,car,0,934,60,1078,30,1006
58,1156,car,280,607,452,767,366,687
58,1158,car,1556,863,1670,1011,1613,937
58,1159,person,1266,643,1303,717,1284,680
58,1163,car,456,430,567,520,511,475
58,696,car,1402,612,1514,732,1458,672
58,1214,car,695,247,755,295,725,271
58,1172,car,1332,610,1393,697,1362,653
58,1215,car,617,305,686,358,651,331
58,1184,car,637,381,710,459,673,420
58,1183,car,932,400,979,466,955,433
58,1213,car,490,695,589,811,539,753
58,50,truck,1567,381,1920,853,1743,617
58,1211,person,1077,507,1100,560,1088,533
58,1240,person,1665,777,1696,839,1680,808
58,1293,car,867,224,913,266,890,245
58,1263,car,766,187,817,227,791,207
58,1165,car,701,328,794,405,747,366
58,1283,car,1264,643,1301,715,1282,679
58,1254,car,812,207,868,247,840,227
58,1152,car,524,505,659,639,591,572
58,1253,truck,739,534,806,635,772,584
58,21,truck,1318,441,1409,558,1363,499
59,1150,bus,371,689,751,1077,561,883
59,1151,car,215,894,426,1080,320,987
59,1155,car,0,944,50,1077,25,1010
59,1156,car,274,613,445,774,359,693
59,1158,car,1556,862,1672,1012,1614,937
59,1163,car,451,431,566,524,508,477
59,696,car,1403,612,1514,732,1458,672
59,1214,car,696,250,752,294,724,272
59,1172,car,1332,610,1393,698,1362,654
59,1215,car,616,308,685,360,650,334
59,1184,car,636,382,707,462,671,422
59,1183,car,931,404,980,470,955,437
59,1213,car,483,703,584,820,533,761
59,50,truck,1566,380,1919,849,1742,614
59,1211,person,1077,506,1100,561,1088,533
59,1240,person,1662,777,1694,840,1678,808
59,1293,car,866,215,914,267,890,241
59,1263,car,771,188,817,227,794,207
59,1165,car,708,335,792,408,750,371
59,1254,car,812,210,866,248,839,229
59,1152,car,520,508,656,644,588,576
59,1253,truck,738,540,806,641,772,590
59,1305,car,793,278,832,324,812,301
59,21,truck,1320,442,1407,559,1363,500
59,1173,car,1318,551,1368,621,1343,586
60,1150,bus,369,694,748,1077,558,885
60,1151,car,207,910,417,1080,312,995
60,1155,car,0,959,39,1077,19,1018
60,1156,car,266,619,441,781,353,700
60,1158,car,1557,864,1674,1013,1615,938
60,1163,car,448,433,563,527,505,480
60,696,car,1403,611,1514,733,1458,672
60,1214,car,695,252,751,295,723,273
60,1172,car,1332,610,1393,698,1362,654
60,1215,car,613,310,685,365,649,337
60,1184,car,634,385,707,465,670,425
60,1183,car,931,407,980,474,955,440
60,1213,car,478,710,582,828,530,769
60,50,truck,1567,379,1919,852,1743,615
60,1211,person,1077,505,1100,559,1088,532
60,1240,person,1660,776,1693,840,1676,808
60,1293,car,866,209,914,268,890,238
60,1263,car,771,187,818,228,794,207
60,1254,car,814,211,866,250,840,230
60,1152,car,516,512,653,650,584,581
60,1253,car,736,546,806,646,771,596
60,1305,car,794,278,832,325,813,301
60,21,truck,1317,441,1409,559,1363,500
60,1173,car,1318,552,1368,622,1343,587
60,1159,person,1270,651,1305,722,1287,686
61,1150,bus,369,699,745,1077,557,888
61,1151,car,191,922,406,1080,298,1001
61,1155,person,0,972,29,1074,14,1023
61,1156,car,261,625,437,787,349,706
61,1158,car,1558,868,1674,1012,1616,940
61,1163,car,446,436,558,530,502,483
61,696,car,1403,612,1514,733,1458,672
61,1214,car,687,253,750,297,718,275
61,1172,car,1332,610,1394,698,1363,654
61,1215,car,610,312,683,367,646,339
61,1184,car,630,393,704,470,667,431
61,1183,car,931,411,980,477,955,444
61,1213,car,470,716,581,844,525,780
61,50,truck,1566,377,1918,853,1742,615
61,1211,person,1077,505,1100,557,1088,531
61,1240,person,1659,776,1691,841,1675,808
61,1293,car,864,210,913,269,888,239
61,1263,car,760,187,819,229,789,208
61,1254,car,815,211,865,250,840,230
61,1152,car,513,515,649,655,581,585
61,1253,car,733,550,806,649,769,599
61,1305,car,794,279,830,328,812,303
61,21,truck,1319,442,1408,561,1363,501
61,1173,car,1318,553,1368,622,1343,587
61,1312,car,665,252,753,299,709,275
62,1150,bus,372,706,743,1077,557,891
62,1151,car,180,936,397,1080,288,1008
62,1156,car,255,630,431,795,343,712
62,1158,car,1559,871,1674,1012,1616,941
62,1163,car,444,437,556,534,500,485
62,696,car,1404,612,1514,733,1459,672
62,1214,car,689,255,749,300,719,277
62,1172,car,1332,610,1394,697,1363,653
62,1215,car,610,314,681,370,645,342
62,1184,car,628,394,701,473,664,433
62,1183,car,930,413,980,481,955,447
62,1213,car,465,724,578,850,521,787
62,1211,person,1077,504,1100,557,1088,530
62,1240,person,1657,776,1691,843,1674,809
62,1263,car,757,188,818,230,787,209
62,1152,car,509,519,646,661,577,590
62,1305,car,793,280,830,329,811,304
62,21,truck,1320,442,1408,562,1364,502
62,1173,car,1318,552,1368,622,1343,587
62,1312,car,662,253,753,301,707,277
62,1319,person,903,724,942,789,922,756
63,1150,bus,374,716,741,1077,557,896
63,1151,car,176,954,386,1080,281,1017
63,1156,car,247,636,430,805,338,720
63,1158,car,1559,874,1678,1014,1618,944
63,1163,car,439,441,554,539,496,490
63,696,car,1404,612,1513,733,1458,672
63,1214,car,684,257,748,301,716,279
63,1172,car,1333,611,1394,698,1363,654
63,1215,car,609,315,677,371,643,343
63,1184,car,625,395,699,476,662,435
63,1183,car,930,417,979,485,954,451
63,1213,car,458,734,565,860,511,797
63,1211,person,1077,504,1099,557,1088,530
63,1240,person,1657,775,1691,848,1674,811
63,1263,car,754,188,819,232,786,210
63,1152,car,504,524,644,669,574,596
63,1305,car,792,282,829,330,810,306
63,21,truck,1317,442,1410,561,1363,501
63,1173,car,1317,554,1368,625,1342,589
63,1312,car,661,256,751,303,706,279
63,1253,car,731,557,801,661,766,609
64,1150,bus,371,722,738,1075,554,898
64,1151,car,174,970,379,1080,276,1025
64,1156,car,238,643,424,814,331,728
64,1158,car,1558,874,1678,1018,1618,946
64,1163,car,433,448,550,543,491,495
64,696,car,1402,612,1514,733,1458,672
64,1214,car,686,257,747,302,716,279
64,1172,car,1334,611,1394,699,1364,655
64,1215,car,605,315,676,374,640,344
64,1184,car,622,396,698,481,660,438
64,1213,car,448,745,560,871,504,808
64,1240,person,1657,774,1690,852,1673,813
64,1263,car,753,187,816,233,784,210
64,1152,car,500,526,642,675,571,600
64,1305,car,792,285,829,332,810,308
64,21,truck,1317,442,1408,562,1362,502
64,1173,car,1316,554,1369,626,1342,590
64,1312,car,658,255,749,305,703,280
64,1329,person,899,744,945,821,922,782
64,1253,truck,729,561,801,666,765,613
64,50,truck,1565,376,1919,860,1742,618
65,1150,bus,368,727,735,1076,551,901
65,1151,car,174,986,367,1080,270,1033
65,1156,car,230,648,417,823,323,735
65,1158,car,1559,877,1678,1020,1618,948
65,1163,car,427,454,547,547,487,500
65,696,car,1401,612,1514,732,1457,672
65,1214,car,682,259,746,304,714,281
65,1172,car,1333,611,1394,700,1363,655
65,1215,car,600,316,676,377,638,346
65,1184,car,619,398,696,487,657,442
65,1213,car,442,756,556,880,499,818
65,1240,person,1656,774,1690,853,1673,813
65,1263,car,753,187,817,233,785,210
65,1152,car,495,531,639,681,567,606
65,21,truck,1317,442,1410,561,1363,501
65,1329,person,896,754,945,835,920,794
65,1253,truck,725,566,799,672,762,619
65,50,truck,1565,377,1919,859,1742,618
65,1165,car,685,335,784,425,734,380
66,1150,bus,371,734,733,1078,552,906
66,1151,car,176,1006,349,1080,262,1043
66,1156,car,223,655,411,831,317,743
66,1158,car,1561,878,1679,1019,1620,948
66,1163,car,423,458,543,552,483,505
66,696,car,1403,613,1514,732,1458,672
66,1214,car,682,260,744,307,713,283
66,1172,car,1334,612,1395,700,1364,656
66,1215,car,597,320,674,379,635,349
66,1184,car,618,405,695,490,656,447
66,1213,car,434,766,549,892,491,829
66,1263,car,751,190,815,236,783,213
66,1152,car,492,536,635,687,563,611
66,1253,car,724,572,798,681,761,626
66,50,truck,1564,376,1919,857,1741,616
66,1339,person,864,479,895,556,879,517
66,1165,car,683,342,783,428,733,385
67,1150,bus,374,740,729,1079,551,909
67,1151,car,173,1022,333,1080,253,1051
67,1156,car,215,662,407,841,311,751
67,1158,car,1561,876,1678,1022,1619,949
67,1163,car,419,457,539,556,479,506
67,696,car,1402,613,1513,732,1457,672
67,1214,car,681,261,742,309,711,285
67,1172,car,1334,613,1396,700,1365,656
67,1215,car,597,322,671,382,634,352
67,1184,car,614,406,691,492,652,449
67,1213,car,425,775,542,901,483,838
67,1152,car,487,540,632,692,559,616
67,50,truck,1563,377,1919,855,1741,616
67,1339,person,863,487,895,561,879,524
67,1165,car,684,344,781,430,732,387
67,1183,car,924,431,978,504,951,467
67,1211,person,1078,501,1098,552,1088,526
67,1173,car,1320,555,1369,624,1344,589
67,1240,person,1655,771,1687,839,1671,805
67,21,truck,1322,443,1408,564,1365,503
67,1329,person,891,777,945,855,918,816
68,1150,bus,374,748,727,1079,550,913
68,1151,car,175,1041,317,1080,246,1060
68,1156,car,207,670,399,851,303,760
68,1158,car,1562,877,1680,1023,1621,950
68,1163,car,416,460,533,561,474,510
68,696,car,1403,614,1514,732,1458,673
68,1214,car,680,262,740,310,710,286
68,1172,car,1334,613,1396,701,1365,657
68,1215,car,597,327,668,384,632,355
68,1184,car,610,409,689,499,649,454
68,1213,car,418,785,535,920,476,852
68,1152,car,483,546,629,699,556,622
68,50,truck,1563,377,1920,853,1741,615
68,1352,motorcycle,890,853,941,935,915,894
68,1355,person,889,788,943,907,916,847
68,1183,car,924,430,978,507,951,468
68,1211,person,1077,500,1098,551,1087,525
68,1173,car,1322,557,1370,623,1346,590
68,21,truck,1322,444,1407,564,1364,504
68,1329,person,891,790,943,875,917,832
68,1159,person,1286,686,1327,760,1306,723
68,1253,car,720,582,793,695,756,638
69,1150,bus,375,755,724,1079,549,917
69,1156,car,199,675,394,860,296,767
69,1158,car,1562,876,1678,1022,1620,949
69,1163,car,411,461,529,563,470,512
69,696,car,1405,614,1513,732,1459,673
69,1214,car,678,262,740,312,709,287
69,1172,car,1335,612,1395,701,1365,656
69,1215,car,595,329,665,385,630,357
69,1184,car,608,411,687,501,647,456
69,1213,car,411,794,531,932,471,863
69,1152,car,477,549,626,705,551,627
69,50,truck,1562,377,1919,855,1740,616
69,1352,motorcycle,889,865,941,932,915,898
69,1355,person,886,798,943,921,914,859
69,1183,car,926,436,977,511,951,473
69,1211,person,1077,498,1098,549,1087,523
69,1173,car,1323,558,1370,625,1346,591
69,21,truck,1322,444,1406,563,1364,503
69,1329,person,896,802,942,878,919,840
69,1159,person,1287,690,1329,767,1308,728
69,1253,truck,718,588,790,705,754,646
69,1263,car,752,197,809,239,780,218
70,1150,bus,376,764,722,1079,549,921
70,1156,car,191,681,387,869,289,775
70,1158,car,1562,875,1678,1023,1620,949
70,1163,car,407,468,525,567,466,517
70,696,car,1406,614,1513,732,1459,673
70,1214,car,677,263,739,313,708,288
70,1172,car,1334,613,1396,702,1365,657
70,1215,car,569,329,664,391,616,360
70,1184,car,604,415,685,505,644,460
70,1213,car,401,804,525,943,463,873
70,1152,car,469,553,623,711,546,632
70,50,truck,1561,378,1918,855,1739,616
70,1183,car,927,440,977,512,952,476
70,1211,person,1077,497,1097,550,1087,523
70,1173,car,1322,559,1371,628,1346,593
70,21,truck,1322,444,1406,563,1364,503
70,1159,motorcycle,1289,694,1330,769,1309,731
70,1253,car,713,592,788,713,750,652
70,1368,person,800,661,843,756,821,708
70,1339,person,860,500,895,572,877,536
70,1165,car,699,365,774,439,736,402
70,1240,person,1654,769,1684,827,1669,798
71,1150,bus,374,774,719,1079,546,926
71,1156,car,180,691,380,880,280,785
71,1158,car,1564,877,1682,1025,1623,951
71,1163,car,401,473,521,572,461,522
71,696,car,1407,614,1513,732,1460,673
71,1214,car,675,264,737,314,706,289
71,1172,car,1334,613,1397,704,1365,658
71,1215,car,566,331,661,394,613,362
71,1184,car,599,419,683,509,641,464
71,1213,car,392,815,517,959,454,887
71,1152,car,463,559,619,721,541,640
71,50,truck,1562,379,1919,857,1740,618
71,1211,person,1077,495,1097,551,1087,523
71,1173,car,1321,559,1371,631,1346,595
71,21,truck,1321,444,1406,563,1363,503
71,1159,person,1291,699,1331,769,1311,734
71,1253,car,710,600,787,720,748,660
71,1368,person,797,668,842,765,819,716
71,1165,car,700,369,773,441,736,405
71,1240,person,1653,769,1683,826,1668,797
71,1312,car,653,263,739,316,696,289
71,1355,person,882,824,941,929,911,876
71,1329,person,890,827,941,904,915,865
71,1263,car,752,202,807,242,779,222
72,1150,bus,376,782,716,1078,546,930
72,1156,car,171,697,376,889,273,793
72,1158,car,1565,876,1683,1026,1624,951
72,1163,car,397,475,520,576,458,525
72,696,car,1406,614,1513,732,1459,673
72,1214,car,672,264,737,316,704,290
72,1172,car,1334,614,1398,704,1366,659
72,1215,car,562,332,661,396,611,364
72,1184,car,597,422,681,512,639,467
72,1213,car,384,824,510,970,447,897
72,1152,car,459,565,616,726,537,645
72,1211,person,1077,495,1097,550,1087,522
72,1173,car,1320,558,1371,632,1345,595
72,21,truck,1321,444,1406,563,1363,503
72,1159,person,1292,702,1330,772,1311,737
72,1253,car,710,606,785,726,747,666
72,1368,person,795,673,839,772,817,722
72,1165,car,698,370,772,442,735,406
72,1240,person,1653,768,1682,831,1667,799
72,1378,person,1791,865,1824,951,1807,908
72,1263,car,751,202,809,243,780,222
72,1339,person,858,508,892,577,875,542
73,1150,bus,378,788,714,1077,546,932
73,1156,car,163,704,369,899,266,801
73,1158,car,1566,875,1684,1026,1625,950
73,1163,car,395,477,516,579,455,528
73,696,car,1405,614,1513,732,1459,673
73,1214,car,670,265,738,317,704,291
73,1172,car,1334,613,1398,704,1366,658
73,1215,car,559,334,659,397,609,365
73,1184,car,595,424,678,516,636,470
73,1213,car,374,831,505,982,439,906
73,1152,car,454,570,610,733,532,651
73,1211,person,1076,494,1097,549,1086,521
73,1173,car,1319,559,1372,632,1345,595
73,21,truck,1321,444,1406,563,1363,503
73,1253,car,709,610,784,729,746,669
73,1368,person,794,681,839,783,816,732
73,1165,car,699,372,771,445,735,408
73,1240,person,1653,766,1681,828,1667,797
73,1263,car,750,202,810,243,780,222
73,1339,person,858,514,893,589,875,551
73,1254,car,800,226,856,274,828,250
73,50,truck,1563,378,1919,855,1741,616
73,1312,car,642,267,738,319,690,293
73,1355,person,879,852,937,969,908,910
74,1150,bus,377,795,712,1076,544,935
74,1156,car,155,712,363,909,259,810
74,1158,car,1565,875,1685,1026,1625,950
74,1163,car,390,479,516,583,453,531
74,696,car,1406,614,1513,732,1459,673
74,1214,car,664,266,736,320,700,293
74,1172,car,1335,613,1399,704,1367,658
74,1215,car,557,336,660,399,608,367
74,1184,car,591,427,676,520,633,473
74,1213,car,365,842,498,993,431,917
74,1152,car,447,571,608,741,527,656
74,1211,person,1076,494,1097,548,1086,521
74,1173,car,1320,559,1372,632,1346,595
74,21,truck,1316,443,1409,562,1362,502
74,1253,truck,708,615,782,737,745,676
74,1368,person,793,685,836,786,814,735
74,1165,car,697,375,770,449,733,412
74,1263,car,749,202,807,245,778,223
74,1254,car,800,227,852,273,826,250
74,50,truck,1562,378,1919,852,1740,615
74,1355,person,877,864,934,967,905,915
74,1183,car,924,455,973,535,948,495
74,1159,person,1296,709,1336,776,1316,742
75,1150,bus,374,805,707,1078,540,941
75,1156,car,145,718,357,920,251,819
75,1158,car,1564,876,1685,1028,1624,952
75,1163,car,383,481,509,588,446,534
75,696,car,1406,614,1513,732,1459,673
75,1214,car,661,267,734,321,697,294
75,1172,car,1336,613,1400,704,1368,658
75,1215,car,556,336,656,402,606,369
75,1184,car,589,433,675,522,632,477
75,1213,car,356,852,488,1007,422,929
75,1152,car,443,575,606,749,524,662
75,1211,person,1077,495,1097,547,1087,521
75,1173,car,1320,559,1374,633,1347,596
75,21,truck,1312,443,1410,561,1361,502
75,1253,car,706,621,782,745,744,683
75,1165,car,697,380,769,451,733,415
75,1263,car,749,203,806,248,777,225
75,50,truck,1562,377,1919,854,1740,615
75,1355,person,876,879,934,967,905,923
75,1183,car,922,457,972,540,947,498
75,1159,person,1299,712,1342,781,1320,746
75,1339,person,857,525,892,597,874,561
76,1150,bus,371,814,705,1079,538,946
76,1156,car,135,725,352,929,243,827
76,1158,car,1563,875,1686,1030,1624,952
76,1163,car,377,485,510,593,443,539
76,696,car,1405,614,1513,732,1459,673
76,1214,car,664,267,732,322,698,294
76,1172,car,1337,613,1400,705,1368,659
76,1215,car,555,339,653,405,604,372
76,1184,car,587,438,672,526,629,482
76,1213,car,347,865,481,1025,414,945
76,1152,car,438,580,602,759,520,669
76,1211,person,1077,495,1098,546,1087,520
76,1173,car,1320,561,1375,633,1347,597
76,1253,car,703,627,780,752,741,689
76,1165,car,693,383,767,454,730,418
76,1263,car,748,200,807,248,777,224
76,50,truck,1563,376,1919,855,1741,615
76,1159,motorcycle,1301,719,1346,802,1323,760
76,1339,person,857,529,891,601,874,565
76,1378,person,1790,869,1830,962,1810,915
76,1254,car,800,228,850,272,825,250
77,1150,bus,369,822,703,1079,536,950
77,1156,car,126,733,344,939,235,836
77,1158,car,1565,876,1686,1030,1625,953
77,1163,car,371,491,509,598,440,544
77,696,car,1405,614,1513,732,1459,673
77,1214,car,668,272,729,322,698,297
77,1172,car,1338,613,1400,705,1369,659
77,1215,car,552,342,651,408,601,375
77,1184,car,584,440,670,530,627,485
77,1213,car,338,875,475,1038,406,956
77,1152,car,433,587,598,767,515,677
77,1211,person,1078,498,1098,545,1088,521
77,1173,car,1320,562,1374,634,1347,598
77,1253,truck,700,634,780,761,740,697
77,1165,car,663,382,767,459,715,420
77,1263,car,748,201,805,248,776,224
77,50,truck,1565,375,1919,855,1742,615
77,1159,motorcycle,1304,723,1350,804,1327,763
77,1378,person,1790,871,1831,963,1810,917
77,1254,car,799,230,848,274,823,252
78,1150,bus,369,831,699,1079,534,955
78,1156,car,116,740,336,952,226,846
78,1158,car,1566,876,1686,1031,1626,953
78,1163,car,369,493,509,602,439,547
78,696,car,1405,613,1513,732,1459,672
78,1214,car,662,274,727,325,694,299
78,1172,car,1338,613,1400,705,1369,659
78,1215,car,554,346,649,410,601,378
78,1184,car,580,443,669,534,624,488
78,1213,car,327,886,467,1050,397,968
78,1152,car,429,593,594,775,511,684
78,1211,person,1078,498,1098,544,1088,521
78,1173,car,1320,561,1372,634,1346,597
78,1253,truck,698,642,779,770,738,706
78,1165,car,650,381,766,463,708,422
78,1263,car,749,204,804,250,776,227
78,50,truck,1566,374,1919,853,1742,613
78,1159,person,1305,727,1353,805,1329,766
78,1378,person,1793,870,1833,962,1813,916
78,1254,car,796,233,846,275,821,254
78,1355,person,870,924,929,1019,899,971
78,1183,car,922,471,973,538,947,504
78,1339,person,855,540,891,625,873,582
79,1150,bus,367,840,695,1079,531,959
79,1156,car,106,749,330,965,218,857
79,1158,car,1566,880,1687,1032,1626,956
79,1163,car,364,495,511,607,437,551
79,696,car,1405,613,1514,732,1459,672
79,1214,car,659,276,725,328,692,302
79,1172,car,1338,615,1399,702,1368,658
79,1215,car,556,347,646,413,601,380
79,1184,car,576,446,666,539,621,492
79,1213,car,316,896,461,1068,388,982
79,1152,car,420,598,590,780,505,689
79,1211,person,1078,497,1099,544,1088,520
79,1173,car,1319,561,1372,633,1345,597
79,1253,truck,695,646,779,776,737,711
79,1165,car,654,386,764,466,709,426
79,1263,car,750,203,804,251,777,227
79,50,truck,1565,374,1919,852,1742,613
79,1159,person,1308,731,1355,814,1331,772
79,1254,car,796,235,847,274,821,254
79,1405,person,868,348,896,418,882,383
79,1406,car,693,644,779,777,736,710
79,1355,person,865,936,928,1051,896,993
79,1183,car,919,474,974,553,946,513
79,21,truck,1296,443,1411,562,1353,502
80,1150,bus,369,851,692,1080,530,965
80,1156,car,95,759,324,977,209,868
80,1158,car,1568,883,1687,1031,1627,957
80,1163,car,358,497,522,611,440,554
80,696,car,1407,613,1514,732,1460,672
80,1214,car,655,280,723,331,689,305
80,1172,car,1338,617,1400,700,1369,658
80,1215,car,542,348,644,417,593,382
80,1184,car,574,448,664,546,619,497
80,1213,car,304,910,451,1079,377,994
80,1152,car,415,605,586,790,500,697
80,1211,person,1078,498,1100,547,1089,522
80,1173,car,1319,563,1373,633,1346,598
80,1165,car,648,389,762,468,705,428
80,1263,car,749,202,803,253,776,227
80,50,truck,1563,376,1918,850,1740,613
80,1159,person,1311,735,1358,818,1334,776
80,1405,person,868,360,895,418,881,389
80,1183,car,917,479,974,562,945,520
80,21,truck,1309,444,1409,563,1359,503
80,1240,person,1651,760,1680,821,1665,790
80,1378,person,1795,872,1835,962,1815,917
80,1339,person,852,553,891,645,871,599
81,1150,bus,372,862,690,1079,531,970
81,1156,car,85,767,319,988,202,877
81,1158,car,1569,884,1686,1032,1627,958
81,1163,car,354,499,524,615,439,557
81,696,car,1408,613,1514,732,1461,672
81,1214,car,654,283,722,333,688,308
81,1172,car,1338,615,1400,702,1369,658
81,1215,car,539,350,641,419,590,384
81,1184,car,571,449,661,550,616,499
81,1213,car,295,924,443,1080,369,1002
81,1152,car,409,609,584,798,496,703
81,1211,person,1078,498,1100,549,1089,523
81,1173,car,1319,564,1374,633,1346,598
81,1165,car,662,391,760,470,711,430
81,1263,car,745,206,804,255,774,230
81,50,truck,1562,377,1918,851,1740,614
81,1159,person,1312,740,1360,818,1336,779
81,1183,car,917,483,974,566,945,524
81,21,truck,1314,444,1408,564,1361,504
81,1240,person,1651,760,1679,821,1665,790
81,1378,person,1796,872,1834,961,1815,916
81,1305,car,780,312,824,369,802,340
81,1253,truck,691,656,775,788,733,722
81,1254,car,793,234,846,278,819,256
81,1355,person,858,968,924,1080,891,1024
82,1150,bus,375,870,687,1079,531,974
82,1156,car,73,774,311,999,192,886
82,1158,car,1569,887,1688,1031,1628,959
82,1163,car,351,499,521,619,436,559
82,696,car,1411,613,1514,732,1462,672
82,1214,car,654,283,722,335,688,309
82,1172,car,1339,614,1402,704,1370,659
82,1215,car,542,352,641,421,591,386
82,1184,car,566,453,658,555,612,504
82,1213,car,283,935,434,1080,358,1007
82,1152,car,404,615,580,809,492,712
82,1211,person,1077,497,1101,549,1089,523
82,1173,car,1319,564,1376,632,1347,598
82,1165,car,678,392,758,472,718,432
82,1263,car,747,209,803,254,775,231
82,1159,car,1313,746,1363,821,1338,783
82,1183,car,916,488,976,565,946,526
82,21,truck,1318,444,1408,564,1363,504
82,1240,person,1652,759,1679,820,1665,789
82,1378,person,1796,873,1836,961,1816,917
82,1305,car,781,314,823,370,802,342
82,1253,car,689,663,773,793,731,728
82,1254,car,795,237,844,277,819,257
82,1355,person,856,987,923,1080,889,1033
83,1150,bus,373,879,684,1080,528,979
83,1156,car,60,785,303,1013,181,899
83,1158,car,1573,888,1692,1032,1632,960
83,1163,car,348,504,518,625,433,564
83,696,car,1412,613,1514,733,1463,673
83,1214,car,655,284,720,337,687,310
83,1172,car,1339,614,1403,706,1371,660
83,1215,car,536,353,641,424,588,388
83,1184,car,562,457,656,559,609,508
83,1213,car,269,952,426,1080,347,1016
83,1152,car,393,620,576,817,484,718
83,1211,person,1077,496,1101,549,1089,522
83,1173,car,1320,563,1377,631,1348,597
83,1165,car,682,395,758,475,720,435
83,1263,car,743,208,803,256,773,232
83,1159,person,1319,750,1367,828,1343,789
83,1183,car,914,492,974,577,944,534
83,21,truck,1319,444,1408,565,1363,504
83,1240,person,1652,758,1680,819,1666,788
83,1305,car,779,316,822,371,800,343
83,1253,car,686,671,771,800,728,735
83,1355,person,857,1004,919,1080,888,1042
83,1405,person,867,380,892,427,879,403
83,50,truck,1566,377,1918,854,1742,615
84,1150,bus,372,887,681,1080,526,983
84,1156,car,50,792,295,1025,172,908
84,1158,car,1572,888,1692,1032,1632,960
84,1163,car,342,511,512,630,427,570
84,696,car,1412,613,1514,733,1463,673
84,1214,car,653,286,718,339,685,312
84,1172,car,1338,616,1403,703,1370,659
84,1215,car,541,355,640,427,590,391
84,1184,car,561,461,651,563,606,512
84,1213,car,257,967,416,1080,336,1023
84,1152,car,386,626,573,824,479,725
84,1211,person,1077,496,1101,549,1089,522
84,1173,car,1320,563,1378,630,1349,596
84,1165,car,682,395,758,477,720,436
84,1263,car,739,210,801,257,770,233
84,1159,motorcycle,1324,755,1368,851,1346,803
84,1183,car,914,496,973,585,943,540
84,21,truck,1320,444,1408,565,1364,504
84,1240,person,1650,756,1679,820,1664,788
84,1253,car,684,677,770,813,727,745
84,1355,person,857,1025,917,1080,887,1052
84,1405,person,866,381,892,431,879,406
84,1339,person,849,577,888,675,868,626
85,1150,bus,372,896,676,1079,524,987
85,1156,car,36,801,288,1037,162,919
85,1158,car,1573,889,1693,1032,1633,960
85,1163,car,332,518,499,635,415,576
85,696,car,1410,613,1514,732,1462,672
85,1214,car,653,286,715,339,684,312
85,1172,car,1338,615,1403,705,1370,660
85,1215,car,544,357,638,429,591,393
85,1184,car,557,463,649,567,603,515
85,1213,car,251,981,407,1080,329,1030
85,1152,car,381,633,569,834,475,733
85,1211,person,1077,495,1100,550,1088,522
85,1173,car,1320,562,1378,630,1349,596
85,1165,car,678,400,757,481,717,440
85,1263,car,743,210,799,257,771,233
85,1159,person,1326,758,1372,857,1349,807
85,1183,car,913,500,973,588,943,544
85,21,truck,1319,444,1409,565,1364,504
85,1240,person,1648,756,1678,821,1663,788
85,1253,car,683,684,769,821,726,752
85,1405,person,865,383,892,434,878,408
85,1339,person,849,582,889,678,869,630
85,1378,person,1798,877,1840,964,1819,920
85,1254,car,791,237,841,278,816,257
86,1150,bus,374,907,672,1079,523,993
86,1156,car,24,812,280,1050,152,931
86,1158,car,1575,891,1694,1032,1634,961
86,1163,car,325,521,486,641,405,581
86,696,car,1410,613,1514,733,1462,673
86,1214,car,651,287,715,342,683,314
86,1172,car,1339,617,1404,702,1371,659
86,1215,car,545,360,635,431,590,395
86,1184,car,553,468,645,573,599,520
86,1213,car,248,997,395,1080,321,1038
86,1152,car,374,641,563,844,468,742
86,1211,person,1078,494,1101,550,1089,522
86,1173,car,1320,562,1377,631,1348,596
86,1165,car,676,404,755,486,715,445
86,1263,car,743,211,798,257,770,234
86,1159,person,1330,764,1374,846,1352,805
86,1183,car,913,503,973,590,943,546
86,21,truck,1320,444,1408,564,1364,504
86,1240,person,1647,755,1677,822,1662,788
86,1253,car,680,693,767,831,723,762
86,1405,person,864,385,892,438,878,411
86,1339,person,849,587,888,679,868,633
86,1378,person,1798,879,1841,968,1819,923
86,1254,car,789,239,842,281,815,260
86,50,truck,1569,378,1919,858,1744,618
87,1150,bus,376,914,668,1079,522,996
87,1156,car,11,818,273,1063,142,940
87,1158,car,1576,894,1693,1033,1634,963
87,1163,car,321,525,482,645,401,585
87,696,car,1409,613,1514,733,1461,673
87,1214,car,651,288,713,344,682,316
87,1172,car,1340,617,1404,703,1372,660
87,1215,car,538,362,632,434,585,398
87,1184,car,549,471,643,577,596,524
87,1213,car,249,1009,385,1080,317,1044
87,1152,car,368,645,560,854,464,749
87,1211,person,1077,490,1102,548,1089,519
87,1173,car,1321,562,1376,632,1348,597
87,1165,car,676,408,755,488,715,448
87,1263,car,743,215,797,258,770,236
87,1159,person,1331,769,1376,846,1353,807
87,1183,car,913,508,973,586,943,547
87,21,truck,1319,444,1409,563,1364,503
87,1240,person,1646,755,1677,822,1661,788
87,1253,car,678,699,766,842,722,770
87,1405,person,863,385,891,442,877,413
87,1378,person,1798,882,1842,974,1820,928
87,1305,car,778,323,817,379,797,351
88,1150,bus,374,925,664,1079,519,1002
88,1156,car,1,828,264,1074,132,951
88,1158,car,1578,896,1693,1031,1635,963
88,1163,car,319,528,479,650,399,589
88,696,car,1409,613,1514,733,1461,673
88,1214,car,645,290,713,346,679,318
88,1172,car,1340,618,1404,704,1372,661
88,1215,car,537,364,629,438,583,401
88,1184,car,545,474,640,582,592,528
88,1213,car,254,1029,376,1080,315,1054
88,1152,car,361,650,556,865,458,757
88,1211,person,1078,491,1103,548,1090,519
88,1173,car,1321,562,1376,633,1348,597
88,1165,car,676,412,753,491,714,451
88,1263,car,742,217,795,258,768,237
88,1183,car,914,514,972,590,943,552
88,1240,person,1646,754,1677,825,1661,789
88,1253,truck,677,705,765,853,721,779
88,1378,person,1799,883,1844,977,1821,930
88,1312,car,614,291,715,345,664,318
88,1254,car,794,245,840,281,817,263
89,1150,car,374,936,660,1078,517,1007
89,1156,car,0,836,256,1080,128,958
89,1158,car,1579,896,1695,1030,1637,963
89,1163,car,313,531,472,657,392,594
89,696,car,1407,613,1514,733,1460,673
89,1214,car,647,291,712,348,679,319
89,1172,car,1340,616,1404,705,1372,660
89,1215,car,538,368,626,441,582,404
89,1184,car,542,480,639,589,590,534
89,1152,car,354,658,551,873,452,765
89,1211,person,1078,492,1104,547,1091,519
89,1173,car,1320,562,1376,633,1348,597
89,1165,car,674,411,750,494,712,452
89,1263,car,744,220,794,258,769,239
89,1183,car,913,518,971,609,942,563
89,1240,person,1646,754,1675,826,1660,790
89,1253,truck,675,710,765,861,720,785
89,1378,person,1801,885,1844,975,1822,930
89,1254,car,793,245,840,283,816,264
89,1159,person,1337,780,1378,853,1357,816
89,21,car,1327,443,1410,562,1368,502
90,1150,car,372,948,656,1077,514,1012
90,1156,car,0,847,249,1080,124,963
90,1158,car,1577,894,1699,1033,1638,963
90,1163,car,306,536,464,660,385,598
90,696,car,1407,613,1515,734,1461,673
90,1214,car,647,292,711,348,679,320
90,1215,car,538,372,625,443,581,407
90,1184,car,540,484,636,593,588,538
90,1152,car,347,666,546,881,446,773
90,1211,person,1079,492,1104,546,1091,519
90,1173,car,1320,563,1380,632,1350,597
90,1165,car,671,413,747,498,709,455
90,1263,car,742,219,794,259,768,239
90,1183,car,913,524,971,619,942,571
90,1240,person,1646,754,1675,826,1660,790
90,1253,car,673,718,762,867,717,792
90,1159,person,1340,783,1383,856,1361,819
90,50,truck,1568,377,1919,860,1743,618
90,1405,person,861,399,888,453,874,426
90,1312,car,611,294,714,349,662,321
91,1150,car,371,959,652,1078,511,1018
91,1156,car,0,860,239,1080,119,970
91,1158,car,1578,894,1702,1036,1640,965
91,1163,car,301,538,457,670,379,604
91,696,car,1409,613,1516,733,1462,673
91,1214,car,648,293,709,349,678,321
91,1215,car,535,377,623,445,579,411
91,1184,car,537,488,634,598,585,543
91,1152,car,343,671,541,890,442,780
91,1211,person,1078,488,1104,543,1091,515
91,1173,car,1320,564,1383,632,1351,598
91,1165,car,664,417,745,502,704,459
91,1263,car,740,219,793,259,766,239
91,1183,car,911,529,971,626,941,577
91,1240,person,1646,754,1675,824,1660,789
91,1253,truck,671,726,762,872,716,799
91,1159,person,1343,789,1389,867,1366,828
91,50,truck,1567,377,1919,861,1743,619
91,1405,person,861,403,886,458,873,430
91,1339,person,847,624,886,719,866,671
91,1378,person,1802,887,1845,990,1823,938
91,1254,car,791,245,837,285,814,265
92,1156,car,0,869,232,1080,116,974
92,1158,car,1579,896,1703,1039,1641,967
92,1163,car,299,542,452,677,375,609
92,696,car,1411,612,1516,734,1463,673
92,1214,car,644,294,707,352,675,323
92,1215,car,532,380,621,449,576,414
92,1184,car,532,491,632,604,582,547
92,1152,car,335,679,536,901,435,790
92,1211,person,1077,487,1104,543,1090,515
92,1173,car,1319,564,1385,632,1352,598
92,1263,car,736,219,792,261,764,240
92,1183,car,910,533,971,633,940,583
92,1240,person,1645,755,1674,822,1659,788
92,1253,car,669,732,760,873,714,802
92,1159,person,1346,795,1392,873,1369,834
92,50,truck,1567,376,1919,858,1743,617
92,1405,person,861,405,886,462,873,433
92,1450,motorcycle,1353,816,1390,910,1371,863
92,1339,person,842,632,887,730,864,681
92,1172,car,1345,623,1404,709,1374,666
93,1156,car,0,881,223,1080,111,980
93,1158,car,1580,898,1705,1041,1642,969
93,1163,car,291,547,447,682,369,614
93,696,car,1412,613,1516,734,1464,673
93,1214,car,640,297,704,354,672,325
93,1215,car,530,380,619,451,574,415
93,1184,car,527,495,629,608,578,551
93,1152,car,326,686,531,912,428,799
93,1211,person,1077,488,1105,544,1091,516
93,1173,car,1319,564,1386,634,1352,599
93,1263,car,737,219,792,262,764,240
93,1183,truck,910,537,970,641,940,589
93,1240,person,1645,755,1674,819,1659,787
93,1253,car,667,741,757,878,712,809
93,1159,person,1349,801,1395,880,1372,840
93,50,bus,1565,376,1919,858,1742,617
93,1450,motorcycle,1352,814,1395,913,1373,863
93,1455,motorcycle,1345,801,1395,889,1370,845
93,1172,car,1343,620,1405,710,1374,665
93,1150,car,368,980,642,1078,505,1029
93,1165,car,660,423,741,510,700,466
93,1378,person,1805,893,1846,995,1825,944
94,1156,car,0,891,215,1080,107,985
94,1158,car,1580,899,1707,1039,1643,969
94,1163,car,283,553,441,686,362,619
94,696,car,1413,613,1517,734,1465,673
94,1214,car,635,299,703,356,669,327
94,1215,car,529,383,618,453,573,418
94,1184,car,523,498,624,612,573,555
94,1152,car,319,694,526,922,422,808
94,1211,person,1078,487,1105,544,1091,515
94,1173,car,1319,564,1387,635,1353,599
94,1263,car,738,219,791,262,764,240
94,1183,car,907,543,968,648,937,595
94,1240,person,1644,754,1674,818,1659,786
94,1253,truck,664,749,759,897,711,823
94,1159,person,1353,805,1396,883,1374,844
94,50,truck,1566,377,1919,859,1742,618
94,1450,motorcycle,1352,825,1398,913,1375,869
94,1455,motorcycle,1349,804,1398,890,1373,847
94,1172,car,1341,618,1406,710,1373,664
94,1150,car,368,992,636,1080,502,1036
94,1165,car,659,427,739,513,699,470
94,1378,person,1807,896,1847,993,1827,944
94,21,truck,1330,443,1414,563,1372,503
94,1339,person,839,648,885,751,862,699
95,1156,car,0,903,203,1080,101,991
95,1158,car,1581,900,1706,1044,1643,972
95,1163,car,276,556,435,692,355,624
95,696,car,1412,613,1518,734,1465,673
95,1214,car,632,303,701,360,666,331
95,1215,car,525,387,615,456,570,421
95,1184,car,517,504,622,617,569,560
95,1152,car,311,701,522,933,416,817
95,1211,person,1078,488,1105,543,1091,515
95,1173,car,1319,564,1388,636,1353,600
95,1263,car,735,220,790,264,762,242
95,1183,car,906,548,967,654,936,601
95,1253,truck,660,758,756,914,708,836
95,1159,person,1356,810,1399,890,1377,850
95,50,truck,1566,377,1919,859,1742,618
95,1450,motorcycle,1354,826,1401,923,1377,874
95,1172,car,1342,621,1405,710,1373,665
95,1150,car,368,1005,629,1079,498,1042
95,1165,car,654,430,737,514,695,472
95,1378,person,1808,897,1847,992,1827,944
95,1466,car,1354,507,1413,564,1383,535
95,1339,person,838,657,885,767,861,712
96,1156,car,0,914,193,1080,96,997
96,1158,car,1581,902,1706,1045,1643,973
96,1163,car,272,560,431,695,351,627
96,696,car,1412,613,1518,734,1465,673
96,1214,car,632,304,699,362,665,333
96,1215,car,521,390,612,459,566,424
96,1184,car,513,508,620,623,566,565
96,1152,car,302,711,517,944,409,827
96,1211,person,1078,485,1105,542,1091,513
96,1173,car,1320,564,1389,637,1354,600
96,1183,car,905,558,966,663,935,610
96,1253,truck,659,766,755,917,707,841
96,1159,person,1358,816,1403,898,1380,857
96,50,bus,1566,377,1919,856,1742,616
96,1172,car,1344,628,1406,711,1375,669
96,1150,car,368,1015,621,1079,494,1047
96,1165,car,651,434,736,517,693,475
96,1378,person,1810,897,1848,992,1829,944
96,1466,car,1354,507,1413,565,1383,536
96,1339,person,836,665,884,779,860,722
96,1240,person,1643,752,1672,811,1657,781
97,1156,car,0,926,183,1080,91,1003
97,1158,car,1582,903,1708,1052,1645,977
97,1163,car,264,563,425,701,344,632
97,696,car,1411,613,1518,733,1464,673
97,1214,car,631,307,697,363,664,335
97,1215,car,517,393,609,462,563,427
97,1184,car,509,510,617,628,563,569
97,1152,car,295,719,511,958,403,838
97,1211,person,1079,484,1105,540,1092,512
97,1173,car,1320,564,1389,637,1354,600
97,1183,car,902,564,966,672,934,618
97,1253,car,656,773,754,929,705,851
97,1159,person,1358,821,1407,911,1382,866
97,1150,car,368,1028,615,1076,491,1052
97,1165,car,644,439,733,522,688,480
97,1378,person,1808,897,1849,990,1828,943
97,1466,car,1354,508,1413,565,1383,536
97,1339,person,837,674,882,779,859,726
97,1240,person,1643,751,1672,808,1657,779
97,1263,car,731,221,789,265,760,243
98,1156,car,0,936,176,1080,88,1008
98,1158,car,1583,905,1709,1054,1646,979
98,1163,car,259,568,422,709,340,638
98,696,car,1411,613,1519,733,1465,673
98,1214,car,625,307,696,365,660,336
98,1215,car,515,396,606,465,560,430
98,1184,car,503,513,614,634,558,573
98,1152,car,285,727,505,969,395,848
98,1211,person,1079,483,1105,538,1092,510
98,1173,car,1321,564,1390,637,1355,600
98,1183,car,901,567,967,675,934,621
98,1253,car,654,783,750,934,702,858
98,1159,person,1360,828,1411,913,1385,870
98,1165,car,640,442,732,526,686,484
98,1466,car,1354,507,1413,565,1383,536
98,1339,person,841,682,884,783,862,732
98,1240,person,1642,749,1672,808,1657,778
98,1474,truck,654,782,751,932,702,857
98,1263,car,727,221,789,268,758,244
98,21,truck,1329,443,1414,564,1371,503
98,1450,motorcycle,1362,834,1410,926,1386,880
98,1172,car,1346,634,1408,711,1377,672
99,1156,car,0,950,164,1080,82,1015
99,1158,car,1584,906,1712,1054,1648,980
99,1163,car,251,575,417,716,334,645
99,696,car,1413,613,1519,733,1466,673
99,1214,car,622,309,693,368,657,338
99,1215,car,511,399,603,468,557,433
99,1184,car,499,518,611,640,555,579
99,1152,car,275,733,499,982,387,857
99,1211,person,1079,483,1105,538,1092,510
99,1173,car,1322,565,1389,637,1355,601
99,1183,car,900,574,966,683,933,628
99,1253,truck,650,792,748,948,699,870
99,1159,person,1364,835,1416,917,1390,876
99,1165,car,635,442,732,531,683,486
99,1339,person,839,691,883,793,861,742
99,1240,person,1643,748,1672,805,1657,776
99,1263,car,730,226,787,270,758,248
99,1254,car,784,259,827,295,805,277
99,1378,person,1809,896,1852,990,1830,943
100,1156,car,0,962,152,1080,76,1021
100,1158,car,1583,906,1713,1055,1648,980
100,1163,car,247,578,411,724,329,651
100,696,car,1414,614,1520,733,1467,673
100,1214,car,619,311,691,371,655,341
100,1215,car,507,400,600,472,553,436
100,1184,car,493,524,608,646,550,585
100,1152,car,267,739,493,995,380,867
100,1211,person,1079,483,1105,538,1092,510
100,1173,car,1322,565,1388,638,1355,601
100,1183,car,900,578,965,686,932,632
100,1253,car,647,800,745,958,696,879
100,1159,person,1367,840,1420,921,1393,880
100,1165,car,632,444,730,535,681,489
100,1339,person,836,703,881,793,858,748
100,1263,car,729,229,785,270,757,249
100,1378,person,1811,895,1854,992,1832,943
100,1305,car,765,346,812,416,788,381
100,1474,truck,647,798,745,958,696,878
